wallet,trade_count,total_volume_usd,distinct_tokens,active_days,maker_fraction,avg_trade_size,std_trade_size,max_trade_size,trades_per_day,hour_entropy,buy_fraction,avg_price,longshot_ratio,resolved_trade_count,win_rate,excess_return,total_pnl,trade_size_cv
0xb744f56635B537e859152d14b022Af5AFe485210,76094,124366581.15534133,861,60,0.8953136909611796,1634.380912494301,13694.937458603586,766074.8096,1268.2333333333331,0.9490509066892764,0.8454280232344206,0.4218728321379737,0.01072561089349,76094,0.3596188522041907,-0.1139573685343312,-2520575.5365149993,8.379281325369334
0x26437896Ed9DfEb2F69765Edcafe8FDCEaAB39aE,4974,57173973.22650501,132,38,0.2696019300361881,11494.566390531763,54081.98983577135,1221087.79008,130.89473684210526,0.8060503584174362,0.2913148371531966,0.5325538644126883,0.0082815734989648,4974,0.4768806073153899,-0.0111397691481865,-320895.67966699915,4.70500478211335
0xdf2e12C6a53671D0B08f29d0391728097029ddec,60197,54184396.9595111,6576,132,0.7930793893383391,900.1178955680699,4759.733606792543,192000.0,456.0378787878788,0.9717731821965586,0.8010864328787148,0.5030395884400296,0.0274350413703004,59956,0.5238154743309382,0.0524023659856317,857489.0734609885,5.28790020754853
0x8A4c788F043023b8B28a762216d037E9f148532b,42469,45425403.92713297,1298,1247,0.7999481975087711,1069.6132220474458,5807.677154061518,299700.0,34.05693664795509,0.9871124415797138,0.5953989969153971,0.4066834578812983,0.4184133512615676,41421,0.4054274305272594,-0.1711783215906349,-52953.85076619647,5.429698356705525
0xd6A3F0EC6C4A8aD680d580610C82CA57ff139489,134136,43844346.82983302,15005,75,0.7484269696427507,326.864874678185,1297.2562599908797,68947.5,1788.48,0.892808252961745,0.8027151547682949,0.4630731758198823,0.0679093180277321,133911,0.4523605788905837,0.0321061161675102,508866.95641400793,3.9687845360199496
0xae363845352952CDEa784F581E9EE99a219c8Fb5,34500,41828702.26128202,1043,68,0.5797391304347826,1212.426152500928,7234.116960287338,473877.55809,507.3529411764706,0.8105976481580045,0.6926376811594203,0.5509706354390723,0.0682541011047874,34500,0.6498577167726817,0.435339464627142,1093354.0823660006,5.966645428560896
0x80cd8310AA624521e9e1B2B53B568cAfb0eF0273,119209,41485580.93762403,4775,299,0.7147446920953955,348.0071214222419,1536.883282978334,205462.562,398.6923076923077,0.9814612948033802,0.750228590123229,0.480936463385726,0.093174855200483,119199,0.5026166886587793,0.0529115181047612,914997.956441998,4.416240899603925
0x7744bFd749a70020d16A1fcbAC1D064761C9999e,20863,33470047.21741902,574,69,0.7286583904519963,1604.2777748846772,10443.845086941215,442216.45032,302.3623188405797,0.9875487496116492,0.5921967118822796,0.5100163115605088,0.2198300283286119,16285,0.5684796854521625,-0.0353088709039587,1456581.4367540006,6.509997988155117
0x090a0D3fC9D68d3E16dB70E3460e3e4b510801b4,29378,32115654.692302,1222,223,0.7287766355776432,1093.1872384880523,6638.256961075607,240462.74655,131.73991031390133,0.9609529599191328,0.7814350874804276,0.4757487534759614,0.0473058326436381,27111,0.4724884297134308,-0.0404798482319694,535801.1154070015,6.072387901506003
0x161Eb16874E34f545991e774B4E1AC5B65F86eF0,44111,31775884.61715797,1317,105,0.6956541452245472,720.3619191847378,3311.976281052554,125262.49212,420.1047619047619,0.7805979594631125,0.5939334859785541,0.7332850488497535,0.0366044505515477,44111,0.8596511317225848,0.0410491556790627,486862.5103009995,4.597655973820562
0x847b8fDacD157191D47c7cCb2AAD5C67Bbd21027,23009,30364448.54945103,262,65,0.8778304141857534,1319.6770198379345,9631.90254798419,467482.6332,353.9846153846154,0.9784741449466332,0.4272241296883828,0.8894539034298506,0.0275686673448626,22818,0.9512920426579164,-0.028921979511421,138196.30473600005,7.298681725295978
0x1e3A3d3b980255baB982d366Ca1fA2B09c104033,24207,30095314.530760992,1794,87,0.3250299500144586,1243.2484211492954,5334.136350295842,167616.589983,278.2413793103448,0.9229257937468096,0.385012599661255,0.4845209533297232,0.0063304721030042,24197,0.6185721953837896,-0.0642213982065757,-630312.5268229999,4.29048310824703
0x5F390E4B7D6f06D6756a6c92Afdbf7b3176aa78c,1293633,29190968.61691201,73251,527,0.4830921907527096,22.565108200634963,107.6351738156034,11340.42822,2454.7115749525615,0.9891949984017204,0.4700931407903169,0.4045026637264959,0.1679728609766365,1078065,0.685833734324805,-0.0215648653508242,209054.3822389963,4.769982614688931
0x7DBF59b7AfC0b698CF08E533096291dba724F8AB,302,25925098.97504051,0,3,0.0,85844.69859284938,267408.4361188028,3090070.032885,100.66666666666669,0.5252303862236085,1.0,0.782899034847367,0.0,0,0.0,0.0,0.0,3.1150256276987753
0x9c88C0ad88b0c7dd929b0CF040abC9a46B2Bc405,20984,22556080.502399996,4368,297,0.5715306900495616,1074.918056728936,8521.079975734618,639360.0,70.65319865319866,0.9720038407445096,0.4279927563858177,0.4235069418852145,0.2036521545484912,20984,0.7715176483687786,-0.1949389136754956,-155070.45681,7.927190284313358
0x4FC8542d9dA86166ef2bAB9C4088F85fe7D04B72,232,21819854.100666143,0,2,0.0,94051.095261492,259603.32782766884,1956718.8961125,116.0,0.6439000487953156,1.0,0.7036606155741296,0.0043103448275862,0,0.0,0.0,0.0,2.760237157322718
0x0F1b8F81FdcB47B6C3292B8DbF6c2c16b3C4d367,92487,21380607.652028136,1371,36,0.7425367889541232,231.17419369239067,595.9308497621714,33133.333333,2569.0833333333335,0.9600398080334752,0.8211964924800242,0.4890204589290535,0.0751152073732718,92487,0.4906254114549045,-0.0128843354047769,509715.39063500386,2.577843314791183
0x7c156Bb0DBb44dcb7387A78778E0Da313Bf3C9db,35747,20856347.535787,762,265,0.7564830615156517,583.443296942037,1968.0703399856793,70199.059,134.8943396226415,0.9532628764379458,0.4816627968780597,0.5427451513627077,0.2157625740504123,35422,0.6003745756759921,-0.2653904679524756,163095.53171299977,3.3731989900317596
0xB10047d6a254B2EbB306D7a7D13Bf59171AB6461,106193,20804668.872294992,8342,464,0.5719021027751359,195.9137501746348,734.7628644938666,99900.0,228.86422413793105,0.9875663570088324,0.4726017722448749,0.5157268666145629,0.1695658238189172,103055,0.5706518381217176,0.1102277678168654,160691.59215799987,3.7504405067990847
0x7789806C754eb0aF4c3aBeB026C218b4BA78F823,196332,20717062.69586301,5607,1217,0.92654279485769,105.52056055998516,680.8259775101864,52959.67792,161.32456861133937,0.9987437324396612,0.6193896053623454,0.1409580321345799,0.7344538920776935,195967,0.1614733911553699,-0.5215905523421673,-63930.74671160403,6.452069377731915
0x6e82B93Eb57B01A63027bd0c6D2F3F04934a752c,27866,20432264.86189301,1959,321,0.289133711332807,733.2327876944307,3106.4696211632336,165288.2868,86.80996884735202,0.8848568263957785,0.4229885882437378,0.4889948653648885,0.0219733604818868,27621,0.5360984424748301,0.1126257234238542,894332.4984770007,4.236675818782167
0x60ca631E5B2550f2e85F2bDE93552145fb4b14fD,213,20169600.736041073,0,2,0.0,94692.96120207076,219872.5687735419,1038690.32751,106.5,0.5851579613164234,1.0,0.7544027579661691,0.0,0,0.0,0.0,0.0,2.3219526138204
0xBBc2f232a64AD22184af5cB602b3CEa2F16d1767,63,18137040.9161925,0,2,0.0,287889.53835226194,456599.525020976,1916877.3675975,31.5,0.0951789656544917,1.0,0.9405460620060808,0.0,0,0.0,0.0,0.0,1.5860233325404147
0x3af1841a5AcBc06fC73bDeDd347645E0aCd9cEa8,51,18017238.084264997,0,2,0.0,353279.1781228431,499104.4866709699,1926754.84769,25.5,0.0821761052225272,1.0,0.934668048729788,0.0,0,0.0,0.0,0.0,1.412776403418319
0xD650d5dAE804cB099dbdC2A44975e2df4CeE940A,130,17582411.68542507,0,3,0.0,135249.32065711592,273957.3238914125,1343802.715535,43.333333333333336,0.2247421171728748,1.0,0.8741934460246896,0.023076923076923,0,0.0,0.0,0.0,2.025572642881875
0x556b87DE7F6122f73dA9c584746E038D4dAC9662,57,16841018.56696,0,2,0.0,295456.46608701756,401097.4851751053,1803674.650745,28.5,0.4179021240035275,1.0,0.9824833494224248,0.0,0,0.0,0.0,0.0,1.3575518941493547
0xCdB580178A4c976d5C0B331D31e26dAfB430664A,108,16660847.6618243,0,2,0.0,154267.10797985463,304440.1952453055,1073429.3295,54.0,0.4167562832850582,1.0,0.8105869634092436,0.0,0,0.0,0.0,0.0,1.9734614801041168
0xF722eFA3d55682e2ec80071f2A74b6f512772E8B,219,16137923.848478518,0,2,0.0,73689.14999305259,192273.5177777812,1209979.11892,109.5,0.4904620992139564,1.0,0.7673228899761869,0.0045662100456621,0,0.0,0.0,0.0,2.6092513999131315
0x3f7aeE8f1FAFcd873343105b24F83F3f98a9248E,182189,15485228.541850967,2862,105,0.4911712562229333,84.99540884384331,380.405949865876,28244.727,1735.1333333333334,0.99668373844561,0.5341156710888144,0.5175034716906826,0.12519782139554,154093,0.7531995575920366,-0.1351453527256385,8210.54329400009,4.475605859662042
0x15eDab33D1Df1eAC32d53B69Ac6B1C06623CF9A7,991,15207579.701365998,6,5,0.58627648839556,15345.690919642782,7738.774509816184,19977.8642,198.2,0.7061616849400832,0.6226034308779012,0.8901987887724732,0.0713128038897893,991,0.9286871961102108,-0.06678557642372,48797.315530000014,0.504296258170455
0x0DaF9707397575B67DC9EB152c9e6e3f7621662b,4423,15115504.852873998,29,36,0.421659507121863,3417.477922874519,20348.72645260732,786590.23239,122.86111111111111,0.9395058169474256,0.5851232195342527,0.4441000924364178,0.2843894899536321,4423,0.1877897990726429,-0.7095008874679413,-1034622.5326960004,5.954311018779468
0x1eeE215f9f339434F9EE3441F43Ba32f8376d00A,831,15104539.656108,8,4,0.6474127557160048,18176.34134309025,5496.534208931875,20006.52252,207.75,0.5881010602536552,0.6510228640192539,0.9712166063383876,0.0166358595194085,831,0.9833641404805916,-0.0117501495780699,50036.75201900002,0.3024004724152799
0xd53634255cd0A6B7f6fE3eAA1a689280A09488cf,41,14942596.2187775,0,1,0.0,364453.5663116464,522917.5683555642,1912919.1505575,41.0,0.0,1.0,0.9443895098984916,0.0,0,0.0,0.0,0.0,1.4347988789013917
0x1f0A343513aA6060488faBE96960e6d1e177F7aa,149429,14561306.717369914,3223,965,0.9104591478227118,97.44632378835377,256.0737574867785,12926.25568,154.84870466321243,0.9892899892452268,0.4498591304231441,0.7199380279641071,0.1272500074380411,111250,0.6391787065883288,0.5732424589158664,91394.03196963668,2.627844207267909
0xD48F054e5ea0C3ed626dB2b5b900fd211ea4bE87,50,14527388.694125002,0,1,0.0,290547.77388250007,445956.752185514,1804895.4168125,50.0,0.2560027369867069,1.0,0.9824595370822308,0.0,0,0.0,0.0,0.0,1.53488270182329
0x0b976e6dC992B6d600270190D2d7751DaA107293,42,14401881.83071,0,1,0.0,342901.9483502381,494105.3205692194,1918316.1908775,42.0,0.0354040365978699,1.0,0.9061107442650675,0.0,0,0.0,0.0,0.0,1.4409522108184205
0xE52fBa450E091112301aD8A7823CB74B9141d6B2,44,14295583.2118325,0,2,0.0,324899.61845073866,486115.4412944908,1862609.64018,22.0,0.1018911824522534,1.0,0.8842894145817092,0.0,0,0.0,0.0,0.0,1.4962019457348046
0x8C1F1c1470A9975ca65e0aAbD79e11BE1fe9EDb9,34,13541146.368910002,0,1,0.0,398269.01085029414,533670.0816989519,1912977.711035,34.0,0.0417524145037355,1.0,0.9300665687084684,0.0,0,0.0,0.0,0.0,1.3399739049733743
0x78B9ac44a6D7D7A076c14e0AD518b301b63c6B76,6843,13303193.129073,14,11,0.8411515417214672,1944.058618891276,38843.05470964691,2478476.448,622.0909090909091,0.7668947172360632,0.9196258950752594,0.5898557945845867,0.0,6843,0.999046559669474,0.7270337700541704,9631556.147723991,19.98039273723117
0x761F8d34F0032D9a55d37b5dc5aFf3dd158E873d,231,12881289.72433117,0,4,0.0,55763.15897978862,178490.01342640055,1089487.433775,57.75,0.718009810550758,1.0,0.661027170190711,0.0086580086580086,0,0.0,0.0,0.0,3.200859074197973
0x627A0123bEF3Dfa869183b806A39C91cF9AFcdc2,48727,12856493.30832398,459,332,0.969934533215671,263.8474215183365,1408.363762516147,75605.1866,146.76807228915663,0.9700445194828,0.3455373817390769,0.9342396241825692,0.0399714913583179,48279,0.937424644321196,0.0037623715401183,175372.912607913,5.337796194526277
0x9342444fC659ef581e478b4Aee41979132C21131,130,12481375.666662429,0,2,0.0,96010.58205124944,211206.55684686176,1017822.87526,65.0,0.4268520492249806,1.0,0.9273461734452578,0.0,0,0.0,0.0,0.0,2.1998258143474425
0xc97AfC1b55621Aeedea75041ca958C5c830938D7,287,12470125.919068685,0,2,0.0,43449.91609431597,135249.94700473215,1069368.9825199998,143.5,0.7431641974879624,1.0,0.920101097426137,0.0313588850174216,0,0.0,0.0,0.0,3.112778094004772
0xf5f81C5053561A9420752b5DE284C828fE35C34d,105,12129432.121328168,0,2,0.0,115518.40115550636,241986.5890609143,1204367.664185,52.5,0.3282112340176279,1.0,0.891459710164803,0.0095238095238095,0,0.0,0.0,0.0,2.094788247070364
0x7Ba5354929Bf388707F397c8B21b8322dc954252,31905,11496592.666497996,4648,200,0.6618711800658204,360.3382750822127,917.9836376281988,21955.336,159.525,0.9897765374584578,0.5325811001410438,0.285615294311959,0.664783427495292,18023,0.2664736421725239,-0.4551242597254132,-37408.51924900001,2.547560725872812
0x0770995E6D1F47e20A696e1C177287556873184B,113131,11009513.228060998,337,134,0.6722737357576615,97.31650235621534,245.96933477666556,7126.0735,844.2611940298508,0.9729695818810544,0.4606429714225102,0.4702974906335814,0.0725730623836662,113108,0.4722920705606849,0.1369758328208006,-110791.50052400053,2.527519267763287
0xE7EA209309591c5cC714f708B774BADE424c4162,126,10756466.148248203,0,2,0.0,85368.77895435081,192354.9641269509,1020226.46022,63.0,0.4035280489982936,1.0,0.9341776119605768,0.0,0,0.0,0.0,0.0,2.2532237954323873
0x243c6EbD0109B3CcFe37005B70dF357Ab8ff22Bf,86,10304080.524153143,0,2,0.0,119814.88981573423,253936.2245194739,1232098.56393,43.0,0.3297848125952752,1.0,0.8748588328720545,0.0,0,0.0,0.0,0.0,2.1194045657431024
0xD3435F08B5631355DfFD9cd2AF5418FEaa16FF9B,98,10031928.699362088,0,2,0.0,102366.6193812458,207727.4136080081,1030994.98269,49.0,0.6418643219428127,1.0,0.78364528377795,0.010204081632653,0,0.0,0.0,0.0,2.0292495235616332
0x24B1E0c01D30B6e02a4dE1Ee82011A69893248eE,7829,9744740.593207002,116,113,0.5912632520117512,1244.697993767659,4970.204468994873,189620.01996,69.28318584070796,0.9312032554235632,0.4323668412313194,0.5015521957677093,0.244903988183161,7829,0.5435745937961596,-0.2047172511212606,235865.75781000004,3.9931007311663063
0xd352f30EeD085D974d01430fC919B1702Acd4ad6,19349,9631156.830673004,962,292,0.6905266422037315,497.7599271627994,1649.4098680600578,53439.723,66.26369863013699,0.9838911562819428,0.5641635226626699,0.4475831148926579,0.183400513008428,18527,0.4467614837593696,-0.0283612575862968,265204.2746849471,3.3136654400075782
0x8ca5712e00CD8BAB6d0aCcAb3D8B524668E976Bf,5512,9607309.967433998,239,73,0.4539187227866473,1742.9807633225687,7187.3555981779955,280201.999917,75.5068493150685,0.93246745188208,0.6571117561683599,0.590203843113507,0.0568746548868028,5512,0.4108227498619547,-0.5339606122285394,-2929412.3838540013,4.123600070305453
0x05c1882212A41Aa8d7df5B70eeBE03d9319345b7,1019850,9252083.284828955,15521,103,0.578152669510222,9.07200400532329,25.224937106268232,9900.0,9901.456310679612,0.99861689932811,0.5479943128891503,0.5019523436330211,0.0423352753403283,1019850,0.5178949741622411,0.0238480030991667,69731.00430099998,2.7805253493568443
0xdb32D3D83eC2638BE539f768E31A3cc89250b646,58553,8994270.398342991,2175,31,0.6651409833825764,153.6090447687222,474.25036736372874,15707.277,1888.8064516129032,0.9568176380178391,0.7458200263009581,0.4818200682818885,0.1302038012365468,58553,0.5358369590107626,0.162268455808434,280734.4428660035,3.0873856944932667
0x8605e2aE9631282625e5E00E2eEDc0F20F16750F,2670,8798517.427842999,140,13,0.0689138576779026,3295.324879341947,13092.380609061296,195020.80398,205.3846153846154,0.8472465494550749,0.1782771535580524,0.4512594411521574,0.0924369747899159,2670,0.5126050420168067,-0.1476531497536225,-94788.990666,3.9730166488700656
0x03E8a544e97eEff5753BC1E90D46e5EF22af1697,13411,8715451.906231005,282,31,0.8076206099470584,649.8733805257627,4495.36959616138,156220.5247,432.61290322580646,0.947050685991881,0.8283498620535381,0.4934640969894766,0.0,13411,0.5002250427581241,0.0252439543223292,-749617.6030399987,6.917300709446694
0x6155109ac32c1a25255cdDbb7d45c743DCa47EbB,1826,8706735.202580003,44,31,0.2042716319824753,4768.201096703178,28165.636668641386,547985.196805,58.903225806451616,0.8390723007200201,0.3855421686746988,0.5131611884955616,0.0482954545454545,1826,0.4034090909090909,-0.0006314735668245,-3203680.5592119996,5.906973321262734
0xF8CCB567E89c3240359217ebd0B5B5Fe7fcE5A82,49061,8693458.810804011,1240,402,0.9690793094311164,177.1969346487844,1327.455466304434,158859.2,122.04228855721394,0.9962161246780726,0.8768268074437945,0.2823322932879044,0.5374726858524339,41942,0.2807928913192071,-0.0623662123706513,201848.62774199995,7.491413262512329
0xfa0BaABc6eb1AE232F6f3B45aBF9457Bc0B44908,1100,8554173.540426,90,13,0.5727272727272728,7776.521400387272,22255.493823113717,242348.59881,84.61538461538461,0.7801653642447961,0.5927272727272728,0.5019460293477309,0.0015337423312883,1100,0.3819018404907975,-0.2930801463011477,-893747.0914890001,2.8618829264721617
0x585bEf2dC5B122bb8B93Dd421f32dd1ca2f4753f,25865,8401131.641289989,834,281,0.8502223081384109,324.80694534274073,1841.406063910786,89871.81328,92.04626334519573,0.9653483608657386,0.5257297506282621,0.6632390138699964,0.0774378585086042,25760,0.6115989079908507,-0.0823978472521437,-553933.7144579996,5.669232417329344
0x885783760858e1Bd5DD09A3c3F916cfa251ac270,7736,8301372.082848001,14,9,0.8376421923474664,1073.0832578655638,7249.45906698738,238523.17986,859.5555555555555,0.8742161940311349,0.920243019648397,0.5420798350720586,0.0,7736,1.0,0.9888421293510667,6656009.266855,6.755728424471975
0xf59DB7EF18f784e17862c182D1134D5c8Df38F85,16466,8183535.317107007,1004,21,0.9998785375926152,496.99595026764285,1617.4187416310572,19980.0,784.0952380952381,0.8896246642887332,0.9999392687963076,0.9989390258714684,0.0,16443,1.0,0.0010013677300962,8181.748270000003,3.2543901831796473
0x54B56146656e7eef9DA02b3A030c18e06e924B31,55007,8169256.738557002,4542,355,0.7484865562564764,148.513039041522,488.5342173426622,46805.709,154.94929577464788,0.977536792508688,0.5292053738615086,0.4736461401024195,0.1306080384747509,51347,0.4630390143737166,-0.0659848684478458,79435.93778599972,3.289503874512159
0xb75CeBBe80b305BaEeB125e05D0EE09EB58E2159,7051,8082671.870160998,258,239,0.8221528861154446,1146.3156814864556,3169.5837464429087,73698.6558,29.502092050209207,0.9772068242943884,0.6803290313430719,0.8096088421760742,0.0131332082551594,7045,0.9198497182216656,0.0868831293746582,329617.5734450003,2.76501822110017
0x16f91Db2592924cfEd6e03B7E5cB5bB1E32299e3,7671,7526416.3430290045,18,5,0.8435666797027767,981.151915399427,6284.519838310724,159275.64944,1534.2,0.8030836152424163,0.9331247555729372,0.5874163861551871,0.0,7671,0.9984632578932664,0.7181882908282297,4603866.860369001,6.405246465581525
0x44A1159b925C145E70F746BB3F0F58380553bD21,24317,7506275.745358,1345,260,0.9131471809844964,308.6842844659292,1361.9472057650453,66763.02636,93.52692307692308,0.983568307086492,0.751079491713616,0.4439229097126647,0.2748576434515988,23562,0.4082121566661095,-0.2249725192044949,-100356.20278300036,4.412104128078374
0x343D4466Dc323B850E5249394894C7381D91456e,1437,7474702.304058999,59,4,0.5762004175365344,5201.602160096729,13747.579710931192,173068.0766,359.25,0.7180489200003256,0.616562282533055,0.4886224134092392,0.0,1437,0.7065462753950339,0.444015533527782,2621260.1728890003,2.642951015437817
0x6480542954B70a674A74Bd1A6015Dec362dC8dC5,306943,7378596.403731988,907,296,0.9702029367016026,24.03897923631419,1524.6962822146304,486528.91133,1036.9695945945946,0.984987382239143,0.5816812893599137,0.0175569262004998,0.9794839338422676,248165,0.0090677037393419,-0.9772306762289276,-457990.9607980006,63.4259993831754
0x785Ac8DBfE82b9940A6A5BF2be530F2ED982E4b9,66,7221326.130988373,0,2,0.0,109414.03228770263,426132.5938006445,3164329.22751,33.0,0.4066770520126929,1.0,0.7427442374296026,0.0,0,0.0,0.0,0.0,3.8946795478676344
0x218f912f8d88Cc6Ec06A5f812231D68602c77Ef2,4325,7202317.891492999,306,187,0.7872832369942196,1665.2758130619652,7715.3396156584595,194042.35658,23.128342245989305,0.9767850202866742,0.5747976878612717,0.6003811305595347,0.2160096540627514,4293,0.5526421944332393,0.6090183362314401,7948.169455999999,4.633070122763724
0x684bC3eB000bFF0979D14b60CC74861736150601,89459,7196486.134948005,1153,153,0.9731832459562482,80.44451799090092,780.9247537801496,77999.78718,584.6993464052288,0.9911099598823212,0.6117774623011659,0.1140568726636205,0.8321547991010251,89401,0.0929135585783238,-0.8630035757877312,-695993.5435869996,9.707619279519829
0xd1d51797C9D038aF763bBc313C2aAcDc4eD08845,2275,7143857.38326,107,2,0.6725274725274726,3140.157091542857,14898.23760023173,96040.0,1137.5,0.8905733337236037,0.2123076923076923,0.7689970036802233,0.0144927536231884,2275,0.9834368530020704,0.0029022990527093,93140.59869900008,4.744424296592042
0xcDb1f1ef8213C06911E4Ba6a884176C5571e276c,33184,7138705.291720002,3096,151,0.5998372709739633,215.1249183859692,848.8709738249918,35487.12827,219.76158940397352,0.9788242677071892,0.5253134040501446,0.6549408512209193,0.0667163836622303,29238,0.8771526980482205,0.0073943503361075,90814.751813,3.945944431699812
0x3b76e86174D452aBB50cA9637C86185489E20bF6,52,7125737.470133801,0,2,0.0,137033.4128871885,254784.6702955894,1205127.95563,26.0,0.1482991296545148,1.0,0.8681667860271864,0.0,0,0.0,0.0,0.0,1.859288657616216
0x8C0b024C17831A0ddE038547B7e791ae6a0D7aA5,33609,6845951.050751992,1930,84,0.7866940402868279,203.69398228902944,840.8606899839141,35500.0,400.1071428571428,0.979649251081528,0.6021303817429855,0.3946872823853242,0.0911202253298413,33494,0.4857157003515374,0.3571529859785836,635648.6784860012,4.128058573624347
0x3D1Ecf16942939B3603C2539A406514A40b504D0,1186,6649351.999823001,32,25,0.2782462057335582,5606.536256174537,35396.10514973115,799028.04072,47.44,0.6820573843693254,0.4822934232715008,0.4775181179877131,0.0122377622377622,1186,0.9143356643356644,0.4604992521453983,1924574.3991019996,6.313364175742028
0x3450A5a6C9F7b35caA976D2D064b51dAB3Bd6793,8472,6507776.766148998,842,53,0.3492681775259679,768.1511763631962,2873.336844038986,133012.7865,159.8490566037736,0.853878658537936,0.3921152030217186,0.5177642526731318,0.038832028898254,8448,0.4267150196433968,-0.1574698825191097,-184604.40611000004,3.740587702596212
0x13414A77a4be48988851c73dFD824d0168E70853,15435,6436466.578563001,1490,71,0.6783284742468416,417.0046374190477,1603.9496604308904,59709.7035,217.3943661971831,0.9092272324303092,0.7044379656624554,0.4924308354452205,0.029982525521935,15260,0.5141579731743666,0.1364877118432547,-90508.20327199996,3.846359288371852
0x45b50F4649AC4ae89007401D6498d76dC6Df6777,87,6392731.847536576,0,2,0.0,73479.67640846639,185178.5267120556,1073199.359395,43.5,0.4038767495612387,1.0,0.7305923019607307,0.0,0,0.0,0.0,0.0,2.5201325830923116
0xd34D2111BBC4c579e3E4dbEc7bC550D369DacDB4,2694,6392021.818585003,584,21,0.6169265033407573,2372.6881286507064,48612.64418553769,2476728.98984,128.28571428571428,0.8511290870203864,0.6585003711952487,0.661091516237424,0.0,2694,0.9971815107102592,0.001550278713964,11701.284356000122,20.48842559564817
0x791E0A77A8f3Dcf51c807Fbe66dEFDEe506817dD,11609,6294552.345737999,296,174,0.7361529847532087,542.2131402995951,6674.799248079308,570894.5018,66.7183908045977,0.9576759886544604,0.6758549401326557,0.3604413276103524,0.3192709660973744,11603,0.2497450280469148,-0.3832011046961259,-736915.2154900002,12.31028677097572
0xEa342097EEDA5e523a32Fa1e00FF5A3d339e0A92,7658,6262506.692451,368,83,0.6078610603290676,817.7731382150693,4214.0979310506145,92258.3696,92.26506024096386,0.7814257864063618,0.3016453382084095,0.4933270030240767,0.003030303030303,7658,0.4987012987012987,-0.0260525767244065,463406.39129600034,5.153138118780239
0xB8E6281D22Dc80E08885ebC7d819Da9bF8cDD504,5603,6259295.965002002,230,14,0.574870605033018,1117.1329582370165,4702.1380467457475,136000.0,400.2142857142857,0.7328212899023868,0.630019632339818,0.4372480677909411,0.0,5603,0.3665722379603399,-0.113062102592329,670892.3517270003,4.209112274483732
0x4C814578c17F53118b312165873059a463A0fcE3,9641,6175522.545235,573,38,0.672129447152785,640.5479250321544,2913.7582623921935,84023.15274,253.71052631578948,0.9480141651494822,0.6561560004148947,0.61210415581948,0.0020550110654441,9641,0.6893771735693961,-0.0451817326720401,-71404.81898600003,4.548852862564386
0xD14015609F9474178fE2BBa3340C709bb35EbBBD,22833,6087388.668703003,3127,50,0.8009897954714668,266.60485563452033,1122.097238270103,41451.68682,456.66,0.9428559119317468,0.832391713747646,0.8170888138946193,0.0050510365147848,22803,0.9769830401348362,0.032976916687332,15974.867428999967,4.208840216355056
0x6fdb583e938828c4117df6cAa9a2acA45f4A7eA3,4085,5962095.166271001,205,46,0.804406364749082,1459.509220629376,5386.993049471806,107543.88846,88.80434782608695,0.9399523155405212,0.7368421052631579,0.4976915615736685,0.1205980066445182,4071,0.4810126582278481,-0.1737730899712175,-323219.87960100017,3.690961984569583
0xa45CDB0a5Ba4629b5C7860dc3f310978A4Dd1D10,34897,5926498.428853,1870,129,0.3250136114852279,169.82830698492705,633.8424012956872,47534.94095,270.51937984496124,0.996029256781873,0.5303894317563115,0.4633185272477418,0.2701388513696039,29379,0.4397766213986546,-0.0547115087967973,61440.985287,3.732254136832108
0x1705546044E7D5Db4ec9D68eCF24175c872aCBBC,129,5909885.193060149,0,2,0.0,45813.06351209418,106494.12590894436,531559.3863049999,64.5,0.7326535698328533,1.0,0.8743473499001726,0.0232558139534883,0,0.0,0.0,0.0,2.324536229296934
0xc035214384C6A556c7b99f3f8E4B90b756FA78Df,59,5805217.460977502,0,2,0.0,98393.51628775428,176212.3945644774,973964.453105,29.5,0.0900004335746957,1.0,0.8539016430099851,0.0,0,0.0,0.0,0.0,1.7908943720350423
0xbd033FAd97a88656f4b7bc9cC20092b706535e8f,63,5775433.419815382,0,2,0.0,91673.5463462759,400931.4794212133,3160487.8483200003,31.5,0.4926757369160434,1.0,0.8728433397863805,0.0476190476190476,0,0.0,0.0,0.0,4.373469723826175
0x09a64C72Eea8698a41399ee3e1a55BB20Bee5e9F,63,5629599.411296931,0,2,0.0,89358.72081423701,264957.94737353607,1782017.40865,31.5,0.3001286955638422,1.0,0.7894470247910301,0.0,0,0.0,0.0,0.0,2.965104524317697
0xB3094b3E0Eb99a89890D311217800A411Dc3596a,272,5609383.691449726,0,2,0.0,20622.73415974164,104531.96482043814,1300174.1505550002,136.0,0.8684909865921069,1.0,0.6768444540307957,0.0036764705882352,0,0.0,0.0,0.0,5.068773326113986
0x660622CaaD009a8Cc1f38038c0913bE658621338,6663,5575306.372313998,589,300,0.7844814648056431,836.7561717415575,5238.938974132504,204756.78145,22.21,0.9590005123310982,0.7718745309920456,0.6360366783436229,0.1261909391405794,5893,0.7897101774882049,-0.1051717762200318,56886.180511,6.26101025729944
0x96489Abcb9f583D6835c8eF95FFc923D05A86825,16771,5539290.092322012,169,27,0.948780633235943,330.28979144487585,1726.193258842285,98901.0,621.1481481481482,0.9535309901305042,0.9027487925585832,0.5553513696547644,0.132562747688243,6752,0.8289192301365356,0.0919473365563987,506390.9420120018,5.226299157751536
0x5235578eFe24555b0C98E7DC10a902b09089C04a,45019,5504619.362724,1106,481,0.5610742131100203,122.27324824460784,372.2908412378956,20790.52076,93.5945945945946,0.9608766082579776,0.5679157688975766,0.4249899257109366,0.2574021199202096,43877,0.3247495272200539,-0.0639380740875804,-166443.3371620001,3.044744836524889
0xBDCb293dD41148a20895d0e818C0d96C0756E811,8102,5496855.385834006,444,88,0.7589484078005431,678.4566015593688,2304.0949190589677,27697.42536,92.0681818181818,0.960273605647052,0.3878054801283633,0.5649118218177756,0.1855506047103755,7924,0.6427648578811369,-0.3207702449215117,44485.31193899998,3.396082982704011
0xD6106E14f25d6dbB9b576aB375d01cc8D8D6bF96,116,5457075.39200404,0,2,0.0,47043.75337934517,136090.71748574238,1068574.24219,58.0,0.6511651786003805,1.0,0.7710020482495641,0.0,0,0.0,0.0,0.0,2.8928541561799315
0xb412326D42c1fA00846c44EaAE8fD2F6f0a53026,7188,5385014.933498001,592,67,0.901085141903172,749.1673530186423,3231.3432558176173,174825.0,107.28358208955224,0.9657919601039736,0.676265998887034,0.6010364853994746,0.0820818761571693,7105,0.6611330151483711,-0.0785170085900931,63834.30554800006,4.31324622302009
0xE3a155cb379b9BE2a8e8D44fB49714E48E3213fD,75,5373455.287306209,0,2,0.0,71646.07049741612,100713.69894641932,360123.1652575,37.5,0.4941998413379522,1.0,0.8746110819329238,0.0,0,0.0,0.0,0.0,1.4057114123244416
0x552337556E70f851bff6e0e97a2e00Df7d5751e9,37336,5295779.247547006,2785,471,0.8111474180415684,141.84109833798496,512.5888173949817,12485.6336,79.26963906581742,0.9754770546615972,0.2663916863081208,0.5417671460007532,0.0929016690126684,37285,0.5357897916037451,0.1322941785199441,-23154.08383400007,3.613824366852852
